name,locale,lockedTitle,lockedDescription,unlockedTitle,unlockedDescription,flavorText,lockedIcon,unlockedIcon
achievement_stat_max_200,default,(LOCK) Achieve Stat Max 200,(LOCK) Desc for achieve stat max 200,Achieve Stat Max 200,Desc for achieve stat max 200,Flavor for Achieve Stat Max 200,locked.png,achievement_stat_max.png
achievement_stat_min_100,default,(LOCK) Achieve Stat Min 100,(LOCK) Desc for achieve stat min 100,Achieve Stat Min 100,Desc for achieve stat min 100,Flavor for Achieve Stat Min 100,locked.png,achievement_stat_min.png
achievement_stat_sum_150,default,(LOCK) Achieve Stat Sum 150,(LOCK) Desc for achieve stat latest 150,Achieve Stat Sum 150,Desc for achieve stat sum 150,Flavor for Achieve Stat Sum 150,locked.png,achievement_stat_sum.png
achievement_hidden_min_300,default,(LOCK) Achieve Hidden Min 300,(LOCK) Desc for achieve hidden min 300,Achieve Hidden Min 300,Desc for achieve hidden min 300,Flavor for Achieve Hidden Min 300,locked.png,achievement_stat_min.png
